{
  "id": "",
  "name": "",
  "font_family": "iconfont",
  "css_prefix_text": "icon-",
  "description": "",
  "glyphs": [
    {
      "icon_id": "1306",
      "name": "购物车空",
      "font_class": "gouwuchekong",
      "unicode": "f0179",
      "unicode_decimal": 983417
    },
    {
      "icon_id": "519400",
      "name": "分类",
      "font_class": "fenlei",
      "unicode": "e609",
      "unicode_decimal": 58889
    },
    {
      "icon_id": "936713",
      "name": "买水",
      "font_class": "maishui",
      "unicode": "e616",
      "unicode_decimal": 58902
    },
    {
      "icon_id": "6911486",
      "name": "首页",
      "font_class": "shouye",
      "unicode": "e624",
      "unicode_decimal": 58916
    },
    {
      "icon_id": "13769961",
      "name": "个人",
      "font_class": "geren",
      "unicode": "e60b",
      "unicode_decimal": 58891
    }
  ]
}
