{
  "id": "1660334",
  "name": "11",
  "font_family": "iconfont",
  "css_prefix_text": "icon-",
  "description": "",
  "glyphs": [
    {
      "icon_id": "436025",
      "name": "QQ",
      "font_class": "qq",
      "unicode": "e80e",
      "unicode_decimal": 59406
    },
    {
      "icon_id": "970752",
      "name": "微信",
      "font_class": "weixin",
      "unicode": "e62e",
      "unicode_decimal": 58926
    },
    {
      "icon_id": "6237080",
      "name": "微博",
      "font_class": "tubiaozhizuo-",
      "unicode": "e60a",
      "unicode_decimal": 58890
    }
  ]
}
